--------------------------------------------------------
--  File created - Monday-January-14-2019   
--------------------------------------------------------
--------------------------------------------------------
--  DDL for Sequence DOCTOR_DATA_ID_SEQ
--------------------------------------------------------

   CREATE SEQUENCE  "WSBPROJEKT2"."DOCTOR_DATA_ID_SEQ"  MINVALUE 1 MAXVALUE 65000 INCREMENT BY 1 START WITH 21 CACHE 20 NOORDER  NOCYCLE   ;
--------------------------------------------------------
--  DDL for Sequence DOC_SPEC_ID_SEQ
--------------------------------------------------------

   CREATE SEQUENCE  "WSBPROJEKT2"."DOC_SPEC_ID_SEQ"  MINVALUE 1 MAXVALUE 65000 INCREMENT BY 1 START WITH 21 CACHE 20 NOORDER  NOCYCLE   ;
--------------------------------------------------------
--  DDL for Sequence DUTY_ID_SEQ
--------------------------------------------------------

   CREATE SEQUENCE  "WSBPROJEKT2"."DUTY_ID_SEQ"  MINVALUE 1 MAXVALUE 65000 INCREMENT BY 1 START WITH 21 CACHE 20 NOORDER  NOCYCLE   ;
--------------------------------------------------------
--  DDL for Sequence ROLE_ID_SEQ
--------------------------------------------------------

   CREATE SEQUENCE  "WSBPROJEKT2"."ROLE_ID_SEQ"  MINVALUE 1 MAXVALUE 65000 INCREMENT BY 1 START WITH 21 CACHE 20 NOORDER  NOCYCLE   ;
--------------------------------------------------------
--  DDL for Table DOCTOR_DATA
--------------------------------------------------------

  CREATE TABLE "WSBPROJEKT2"."DOCTOR_DATA" 
   (	"ID" NUMBER, 
	"WORKER_PESEL" VARCHAR2(11 BYTE), 
	"LICENCE" VARCHAR2(20 BYTE), 
	"DOC_SPEC_ID" NUMBER
   ) SEGMENT CREATION IMMEDIATE 
  PCTFREE 10 PCTUSED 40 INITRANS 1 MAXTRANS 255 
 NOCOMPRESS LOGGING
  STORAGE(INITIAL 65536 NEXT 1048576 MINEXTENTS 1 MAXEXTENTS 2147483645
  PCTINCREASE 0 FREELISTS 1 FREELIST GROUPS 1
  BUFFER_POOL DEFAULT FLASH_CACHE DEFAULT CELL_FLASH_CACHE DEFAULT)
  TABLESPACE "USERS" ;
--------------------------------------------------------
--  DDL for Table DOC_SPEC
--------------------------------------------------------

  CREATE TABLE "WSBPROJEKT2"."DOC_SPEC" 
   (	"ID" NUMBER, 
	"NAME" VARCHAR2(40 BYTE)
   ) SEGMENT CREATION IMMEDIATE 
  PCTFREE 10 PCTUSED 40 INITRANS 1 MAXTRANS 255 
 NOCOMPRESS LOGGING
  STORAGE(INITIAL 65536 NEXT 1048576 MINEXTENTS 1 MAXEXTENTS 2147483645
  PCTINCREASE 0 FREELISTS 1 FREELIST GROUPS 1
  BUFFER_POOL DEFAULT FLASH_CACHE DEFAULT CELL_FLASH_CACHE DEFAULT)
  TABLESPACE "USERS" ;
--------------------------------------------------------
--  DDL for Table DUTY
--------------------------------------------------------

  CREATE TABLE "WSBPROJEKT2"."DUTY" 
   (	"ID" NUMBER, 
	"DATE" DATE, 
	"WORKER_PESEL" VARCHAR2(11 BYTE), 
	"IS_ACTIVE" VARCHAR2(1 BYTE)
   ) SEGMENT CREATION IMMEDIATE 
  PCTFREE 10 PCTUSED 40 INITRANS 1 MAXTRANS 255 
 NOCOMPRESS LOGGING
  STORAGE(INITIAL 65536 NEXT 1048576 MINEXTENTS 1 MAXEXTENTS 2147483645
  PCTINCREASE 0 FREELISTS 1 FREELIST GROUPS 1
  BUFFER_POOL DEFAULT FLASH_CACHE DEFAULT CELL_FLASH_CACHE DEFAULT)
  TABLESPACE "USERS" ;
--------------------------------------------------------
--  DDL for Table ROLE
--------------------------------------------------------

  CREATE TABLE "WSBPROJEKT2"."ROLE" 
   (	"ID" NUMBER, 
	"NAME" VARCHAR2(40 BYTE), 
	"IS_MEDICAL_STAFF" VARCHAR2(1 BYTE)
   ) SEGMENT CREATION IMMEDIATE 
  PCTFREE 10 PCTUSED 40 INITRANS 1 MAXTRANS 255 
 NOCOMPRESS LOGGING
  STORAGE(INITIAL 65536 NEXT 1048576 MINEXTENTS 1 MAXEXTENTS 2147483645
  PCTINCREASE 0 FREELISTS 1 FREELIST GROUPS 1
  BUFFER_POOL DEFAULT FLASH_CACHE DEFAULT CELL_FLASH_CACHE DEFAULT)
  TABLESPACE "USERS" ;
--------------------------------------------------------
--  DDL for Table WORKER
--------------------------------------------------------

  CREATE TABLE "WSBPROJEKT2"."WORKER" 
   (	"PESEL" VARCHAR2(11 BYTE), 
	"FIRST_NAME" VARCHAR2(40 BYTE), 
	"LAST_NAME" VARCHAR2(40 BYTE), 
	"USERNAME" VARCHAR2(40 BYTE), 
	"PASSWORD" VARCHAR2(40 BYTE), 
	"ROLE_ID" NUMBER, 
	"IS_DELETED" VARCHAR2(1 BYTE)
   ) SEGMENT CREATION IMMEDIATE 
  PCTFREE 10 PCTUSED 40 INITRANS 1 MAXTRANS 255 
 NOCOMPRESS LOGGING
  STORAGE(INITIAL 65536 NEXT 1048576 MINEXTENTS 1 MAXEXTENTS 2147483645
  PCTINCREASE 0 FREELISTS 1 FREELIST GROUPS 1
  BUFFER_POOL DEFAULT FLASH_CACHE DEFAULT CELL_FLASH_CACHE DEFAULT)
  TABLESPACE "USERS" ;
REM INSERTING into WSBPROJEKT2.DOCTOR_DATA
SET DEFINE OFF;
Insert into WSBPROJEKT2.DOCTOR_DATA (ID,WORKER_PESEL,LICENCE,DOC_SPEC_ID) values (1,'38121634736','AA-23/1963',1);
Insert into WSBPROJEKT2.DOCTOR_DATA (ID,WORKER_PESEL,LICENCE,DOC_SPEC_ID) values (9,'78052683254','AA-237/2003',3);
Insert into WSBPROJEKT2.DOCTOR_DATA (ID,WORKER_PESEL,LICENCE,DOC_SPEC_ID) values (7,'74072497312','AA-885/1999',1);
Insert into WSBPROJEKT2.DOCTOR_DATA (ID,WORKER_PESEL,LICENCE,DOC_SPEC_ID) values (8,'73030971569','AA-255/1997',2);
Insert into WSBPROJEKT2.DOCTOR_DATA (ID,WORKER_PESEL,LICENCE,DOC_SPEC_ID) values (10,'76021553382','AR-887/2000',4);
Insert into WSBPROJEKT2.DOCTOR_DATA (ID,WORKER_PESEL,LICENCE,DOC_SPEC_ID) values (11,'68122346354','AA-293/1998',2);
Insert into WSBPROJEKT2.DOCTOR_DATA (ID,WORKER_PESEL,LICENCE,DOC_SPEC_ID) values (12,'71041574997','AA-388/1995',3);
Insert into WSBPROJEKT2.DOCTOR_DATA (ID,WORKER_PESEL,LICENCE,DOC_SPEC_ID) values (13,'61011655669','AA-856/1986',2);
Insert into WSBPROJEKT2.DOCTOR_DATA (ID,WORKER_PESEL,LICENCE,DOC_SPEC_ID) values (14,'61120257118','AU-727/1986',4);
Insert into WSBPROJEKT2.DOCTOR_DATA (ID,WORKER_PESEL,LICENCE,DOC_SPEC_ID) values (15,'73061057155','AP-647/1999',2);
Insert into WSBPROJEKT2.DOCTOR_DATA (ID,WORKER_PESEL,LICENCE,DOC_SPEC_ID) values (16,'71072116636','AA-523/1997',1);
REM INSERTING into WSBPROJEKT2.DOC_SPEC
SET DEFINE OFF;
Insert into WSBPROJEKT2.DOC_SPEC (ID,NAME) values (1,'kardiolog');
Insert into WSBPROJEKT2.DOC_SPEC (ID,NAME) values (2,'urolog');
Insert into WSBPROJEKT2.DOC_SPEC (ID,NAME) values (3,'neurolog');
Insert into WSBPROJEKT2.DOC_SPEC (ID,NAME) values (4,'laryngolog');
REM INSERTING into WSBPROJEKT2.DUTY
SET DEFINE OFF;
REM INSERTING into WSBPROJEKT2.ROLE
SET DEFINE OFF;
Insert into WSBPROJEKT2.ROLE (ID,NAME,IS_MEDICAL_STAFF) values (1,'Administrator','N');
Insert into WSBPROJEKT2.ROLE (ID,NAME,IS_MEDICAL_STAFF) values (2,'Piel?gniarka','T');
Insert into WSBPROJEKT2.ROLE (ID,NAME,IS_MEDICAL_STAFF) values (3,'Lekarz','T');
REM INSERTING into WSBPROJEKT2.WORKER
SET DEFINE OFF;
Insert into WSBPROJEKT2.WORKER (PESEL,FIRST_NAME,LAST_NAME,USERNAME,PASSWORD,ROLE_ID,IS_DELETED) values ('91063012358','Wojciech','Biega?a','wbiegala','5a690d842935c51f26f473e025c1b97a',1,'N');
Insert into WSBPROJEKT2.WORKER (PESEL,FIRST_NAME,LAST_NAME,USERNAME,PASSWORD,ROLE_ID,IS_DELETED) values ('38121634736','Zbigniew','Religa','zreliga','5a690d842935c51f26f473e025c1b97a',3,'N');
Insert into WSBPROJEKT2.WORKER (PESEL,FIRST_NAME,LAST_NAME,USERNAME,PASSWORD,ROLE_ID,IS_DELETED) values ('74072497312','Marian','Zacharski','mzacharslo','5a690d842935c51f26f473e025c1b97a',3,'N');
Insert into WSBPROJEKT2.WORKER (PESEL,FIRST_NAME,LAST_NAME,USERNAME,PASSWORD,ROLE_ID,IS_DELETED) values ('73030971569','Julia','Ziska','jziska','5a690d842935c51f26f473e025c1b97a',3,'N');
Insert into WSBPROJEKT2.WORKER (PESEL,FIRST_NAME,LAST_NAME,USERNAME,PASSWORD,ROLE_ID,IS_DELETED) values ('78052683254','Zbigniew','Grimbol','zgrimbol','5a690d842935c51f26f473e025c1b97a',3,'N');
Insert into WSBPROJEKT2.WORKER (PESEL,FIRST_NAME,LAST_NAME,USERNAME,PASSWORD,ROLE_ID,IS_DELETED) values ('76021553382','Matcin','Tomaszewski','mtomaszewski','5a690d842935c51f26f473e025c1b97a',3,'N');
Insert into WSBPROJEKT2.WORKER (PESEL,FIRST_NAME,LAST_NAME,USERNAME,PASSWORD,ROLE_ID,IS_DELETED) values ('68122346354','Jan','Lange','jlange','5a690d842935c51f26f473e025c1b97a',3,'N');
Insert into WSBPROJEKT2.WORKER (PESEL,FIRST_NAME,LAST_NAME,USERNAME,PASSWORD,ROLE_ID,IS_DELETED) values ('71041574997','Marta','Czajkowska','mczajkowska','5a690d842935c51f26f473e025c1b97a',3,'N');
Insert into WSBPROJEKT2.WORKER (PESEL,FIRST_NAME,LAST_NAME,USERNAME,PASSWORD,ROLE_ID,IS_DELETED) values ('61011655669','Barbara','Tytan','btytan','5a690d842935c51f26f473e025c1b97a',3,'N');
Insert into WSBPROJEKT2.WORKER (PESEL,FIRST_NAME,LAST_NAME,USERNAME,PASSWORD,ROLE_ID,IS_DELETED) values ('61120257118','Juliusz','Cezar','jcezar','5a690d842935c51f26f473e025c1b97a',3,'N');
Insert into WSBPROJEKT2.WORKER (PESEL,FIRST_NAME,LAST_NAME,USERNAME,PASSWORD,ROLE_ID,IS_DELETED) values ('73061057155','Joanna','Astra','jastra','5a690d842935c51f26f473e025c1b97a',3,'N');
Insert into WSBPROJEKT2.WORKER (PESEL,FIRST_NAME,LAST_NAME,USERNAME,PASSWORD,ROLE_ID,IS_DELETED) values ('71072116636','Jan','Nowacki','jnowacki','5a690d842935c51f26f473e025c1b97a',3,'N');
Insert into WSBPROJEKT2.WORKER (PESEL,FIRST_NAME,LAST_NAME,USERNAME,PASSWORD,ROLE_ID,IS_DELETED) values ('72022445323','Joanna','Bart?omiejczak','jbartlomiejczak','5a690d842935c51f26f473e025c1b97a',2,'N');
Insert into WSBPROJEKT2.WORKER (PESEL,FIRST_NAME,LAST_NAME,USERNAME,PASSWORD,ROLE_ID,IS_DELETED) values ('72083125543','Ludomi?a','Siejka','lsiejka','5a690d842935c51f26f473e025c1b97a',2,'N');
Insert into WSBPROJEKT2.WORKER (PESEL,FIRST_NAME,LAST_NAME,USERNAME,PASSWORD,ROLE_ID,IS_DELETED) values ('67070722267','Marta','Pop?awska','mpoplawska','5a690d842935c51f26f473e025c1b97a',2,'T');
Insert into WSBPROJEKT2.WORKER (PESEL,FIRST_NAME,LAST_NAME,USERNAME,PASSWORD,ROLE_ID,IS_DELETED) values ('60010573141','Adrianna','Miko?ajczak','mmikolajczak','5a690d842935c51f26f473e025c1b97a',2,'N');
Insert into WSBPROJEKT2.WORKER (PESEL,FIRST_NAME,LAST_NAME,USERNAME,PASSWORD,ROLE_ID,IS_DELETED) values ('74120882961','Agnieszka','Kramer','akramer','5a690d842935c51f26f473e025c1b97a',2,'N');
Insert into WSBPROJEKT2.WORKER (PESEL,FIRST_NAME,LAST_NAME,USERNAME,PASSWORD,ROLE_ID,IS_DELETED) values ('74041983165','Katarzyna','Marciniak','kmarciniak','5a690d842935c51f26f473e025c1b97a',2,'N');
Insert into WSBPROJEKT2.WORKER (PESEL,FIRST_NAME,LAST_NAME,USERNAME,PASSWORD,ROLE_ID,IS_DELETED) values ('59120853687','Dominika','Usajn','dusajn','5a690d842935c51f26f473e025c1b97a',2,'N');
Insert into WSBPROJEKT2.WORKER (PESEL,FIRST_NAME,LAST_NAME,USERNAME,PASSWORD,ROLE_ID,IS_DELETED) values ('64020427982','Amelia','Wieczorek','awieczorek','5a690d842935c51f26f473e025c1b97a',2,'N');
Insert into WSBPROJEKT2.WORKER (PESEL,FIRST_NAME,LAST_NAME,USERNAME,PASSWORD,ROLE_ID,IS_DELETED) values ('83011515723','Helga','Wi?niewska','hwisniewska','5a690d842935c51f26f473e025c1b97a',2,'N');
Insert into WSBPROJEKT2.WORKER (PESEL,FIRST_NAME,LAST_NAME,USERNAME,PASSWORD,ROLE_ID,IS_DELETED) values ('71012482126','Julia','Kosarzycka','jkosarzycka','5a690d842935c51f26f473e025c1b97a',2,'N');
Insert into WSBPROJEKT2.WORKER (PESEL,FIRST_NAME,LAST_NAME,USERNAME,PASSWORD,ROLE_ID,IS_DELETED) values ('75040267445','Zdzis?awa','Maciej','zmaciej','5a690d842935c51f26f473e025c1b97a',1,'N');
Insert into WSBPROJEKT2.WORKER (PESEL,FIRST_NAME,LAST_NAME,USERNAME,PASSWORD,ROLE_ID,IS_DELETED) values ('73052859625','Nina','Mocek','nmocek','5a690d842935c51f26f473e025c1b97a',2,'N');
Insert into WSBPROJEKT2.WORKER (PESEL,FIRST_NAME,LAST_NAME,USERNAME,PASSWORD,ROLE_ID,IS_DELETED) values ('62091394565','Janina','Polak','jpolak','5a690d842935c51f26f473e025c1b97a',2,'T');
Insert into WSBPROJEKT2.WORKER (PESEL,FIRST_NAME,LAST_NAME,USERNAME,PASSWORD,ROLE_ID,IS_DELETED) values ('65051456163','D?esika','Spa?luch','dspasluch','5a690d842935c51f26f473e025c1b97a',2,'T');
Insert into WSBPROJEKT2.WORKER (PESEL,FIRST_NAME,LAST_NAME,USERNAME,PASSWORD,ROLE_ID,IS_DELETED) values ('76090324227','Anna','Czajka','aczajka','5a690d842935c51f26f473e025c1b97a',2,'N');
Insert into WSBPROJEKT2.WORKER (PESEL,FIRST_NAME,LAST_NAME,USERNAME,PASSWORD,ROLE_ID,IS_DELETED) values ('84101171575','Anna','Kowalska','akowalska','5d93ceb70e2bf5daa84ec3d0cd2c731a',2,'N');
Insert into WSBPROJEKT2.WORKER (PESEL,FIRST_NAME,LAST_NAME,USERNAME,PASSWORD,ROLE_ID,IS_DELETED) values ('84040577472','Mariusz','Nowak','mnowak','715235175115cdb3ca7477b99c5c702c',1,'N');
--------------------------------------------------------
--  DDL for Index WORKER_USERNANE_UNIQUE
--------------------------------------------------------

  CREATE UNIQUE INDEX "WSBPROJEKT2"."WORKER_USERNANE_UNIQUE" ON "WSBPROJEKT2"."WORKER" ("USERNAME") 
  PCTFREE 10 INITRANS 2 MAXTRANS 255 COMPUTE STATISTICS 
  STORAGE(INITIAL 65536 NEXT 1048576 MINEXTENTS 1 MAXEXTENTS 2147483645
  PCTINCREASE 0 FREELISTS 1 FREELIST GROUPS 1
  BUFFER_POOL DEFAULT FLASH_CACHE DEFAULT CELL_FLASH_CACHE DEFAULT)
  TABLESPACE "USERS" ;
--------------------------------------------------------
--  DDL for Trigger TRG_GENERATE_ID_DOCTOR_DATA
--------------------------------------------------------

  CREATE OR REPLACE EDITIONABLE TRIGGER "WSBPROJEKT2"."TRG_GENERATE_ID_DOCTOR_DATA" BEFORE INSERT ON "DOCTOR_DATA"
for each row 
begin
	if :new.id is null then
		select DOCTOR_DATA_ID_SEQ.nextval into :new.id from dual;
	end if;
end TRG_GENERATE_ID_DOCTOR_DATA;
/
ALTER TRIGGER "WSBPROJEKT2"."TRG_GENERATE_ID_DOCTOR_DATA" ENABLE;
--------------------------------------------------------
--  DDL for Trigger TRG_GENERATE_ID_DOC_SPEC
--------------------------------------------------------

  CREATE OR REPLACE EDITIONABLE TRIGGER "WSBPROJEKT2"."TRG_GENERATE_ID_DOC_SPEC" BEFORE INSERT ON "DOC_SPEC"
for each row 
begin
	if :new.id is null then
		select DOC_SPEC_ID_SEQ.nextval into :new.id from dual;
	end if;
end TRG_GENERATE_ID_DOC_SPEC;
/
ALTER TRIGGER "WSBPROJEKT2"."TRG_GENERATE_ID_DOC_SPEC" ENABLE;
--------------------------------------------------------
--  DDL for Trigger TRG_GENERATE_ID_DUTY
--------------------------------------------------------

  CREATE OR REPLACE EDITIONABLE TRIGGER "WSBPROJEKT2"."TRG_GENERATE_ID_DUTY" BEFORE INSERT ON "DUTY"
for each row 
begin
	if :new.id is null then
		select DUTY_ID_SEQ.nextval into :new.id from dual;
	end if;
end TRG_GENERATE_ID_DUTY;
/
ALTER TRIGGER "WSBPROJEKT2"."TRG_GENERATE_ID_DUTY" ENABLE;
--------------------------------------------------------
--  DDL for Trigger TRG_GENERATE_ID_ROLE
--------------------------------------------------------

  CREATE OR REPLACE EDITIONABLE TRIGGER "WSBPROJEKT2"."TRG_GENERATE_ID_ROLE" BEFORE INSERT ON "ROLE"
for each row 
begin
	if :new.id is null then
		select ROLE_ID_SEQ.nextval into :new.id from dual;
	end if;
end TRG_GENERATE_ID_ROLE;
/
ALTER TRIGGER "WSBPROJEKT2"."TRG_GENERATE_ID_ROLE" ENABLE;
--------------------------------------------------------
--  DDL for Trigger TRG_SET_ACTIVE
--------------------------------------------------------

  CREATE OR REPLACE EDITIONABLE TRIGGER "WSBPROJEKT2"."TRG_SET_ACTIVE" BEFORE INSERT ON "WORKER"
for each row 
begin
	select 'N' into :new.IS_DELETED from dual;
end TRG_SET_ACTIVE;
/
ALTER TRIGGER "WSBPROJEKT2"."TRG_SET_ACTIVE" ENABLE;
--------------------------------------------------------
--  DDL for Trigger TRG_SET_ACTIVE_DUTY
--------------------------------------------------------

  CREATE OR REPLACE EDITIONABLE TRIGGER "WSBPROJEKT2"."TRG_SET_ACTIVE_DUTY" BEFORE INSERT ON "DUTY"
for each row 
begin
	select 'T' into :new.IS_ACTIVE from dual;
end TRG_SET_ACTIVE_DUTY;
/
ALTER TRIGGER "WSBPROJEKT2"."TRG_SET_ACTIVE_DUTY" ENABLE;
--------------------------------------------------------
--  DDL for Trigger TRG_UNACTIVE_DUTY
--------------------------------------------------------

  CREATE OR REPLACE EDITIONABLE TRIGGER "WSBPROJEKT2"."TRG_UNACTIVE_DUTY" BEFORE UPDATE ON "WORKER"
for each row 
begin
	if (:new.IS_DELETED = 'T') OR (:new.ROLE_ID <> :old.ROLE_ID) then
        update duty set IS_ACTIVE = 'N' where WORKER_PESEL = :new.PESEL;
    end if;
end TRG_UNACTIVE_DUTY;
/
ALTER TRIGGER "WSBPROJEKT2"."TRG_UNACTIVE_DUTY" ENABLE;
--------------------------------------------------------
--  DDL for Trigger TRG_UNACTIVE_DUTY_DOC_SPEC
--------------------------------------------------------

  CREATE OR REPLACE EDITIONABLE TRIGGER "WSBPROJEKT2"."TRG_UNACTIVE_DUTY_DOC_SPEC" BEFORE UPDATE OR DELETE ON "DOCTOR_DATA"
for each row 
begin
	if (:new.DOC_SPEC_ID <> :old.DOC_SPEC_ID) then
        update duty set IS_ACTIVE = 'N' where WORKER_PESEL = :old.WORKER_PESEL;
    end if;
end TRG_UNACTIVE_DUTY_DOC_SPEC;
/
ALTER TRIGGER "WSBPROJEKT2"."TRG_UNACTIVE_DUTY_DOC_SPEC" ENABLE;
--------------------------------------------------------
--  Constraints for Table DUTY
--------------------------------------------------------

  ALTER TABLE "WSBPROJEKT2"."DUTY" ADD PRIMARY KEY ("ID")
  USING INDEX PCTFREE 10 INITRANS 2 MAXTRANS 255 COMPUTE STATISTICS 
  STORAGE(INITIAL 65536 NEXT 1048576 MINEXTENTS 1 MAXEXTENTS 2147483645
  PCTINCREASE 0 FREELISTS 1 FREELIST GROUPS 1
  BUFFER_POOL DEFAULT FLASH_CACHE DEFAULT CELL_FLASH_CACHE DEFAULT)
  TABLESPACE "USERS"  ENABLE;
--------------------------------------------------------
--  Constraints for Table DOCTOR_DATA
--------------------------------------------------------

  ALTER TABLE "WSBPROJEKT2"."DOCTOR_DATA" ADD PRIMARY KEY ("ID")
  USING INDEX PCTFREE 10 INITRANS 2 MAXTRANS 255 COMPUTE STATISTICS 
  STORAGE(INITIAL 65536 NEXT 1048576 MINEXTENTS 1 MAXEXTENTS 2147483645
  PCTINCREASE 0 FREELISTS 1 FREELIST GROUPS 1
  BUFFER_POOL DEFAULT FLASH_CACHE DEFAULT CELL_FLASH_CACHE DEFAULT)
  TABLESPACE "USERS"  ENABLE;
--------------------------------------------------------
--  Constraints for Table DOC_SPEC
--------------------------------------------------------

  ALTER TABLE "WSBPROJEKT2"."DOC_SPEC" ADD PRIMARY KEY ("ID")
  USING INDEX PCTFREE 10 INITRANS 2 MAXTRANS 255 COMPUTE STATISTICS 
  STORAGE(INITIAL 65536 NEXT 1048576 MINEXTENTS 1 MAXEXTENTS 2147483645
  PCTINCREASE 0 FREELISTS 1 FREELIST GROUPS 1
  BUFFER_POOL DEFAULT FLASH_CACHE DEFAULT CELL_FLASH_CACHE DEFAULT)
  TABLESPACE "USERS"  ENABLE;
--------------------------------------------------------
--  Constraints for Table ROLE
--------------------------------------------------------

  ALTER TABLE "WSBPROJEKT2"."ROLE" ADD PRIMARY KEY ("ID")
  USING INDEX PCTFREE 10 INITRANS 2 MAXTRANS 255 COMPUTE STATISTICS 
  STORAGE(INITIAL 65536 NEXT 1048576 MINEXTENTS 1 MAXEXTENTS 2147483645
  PCTINCREASE 0 FREELISTS 1 FREELIST GROUPS 1
  BUFFER_POOL DEFAULT FLASH_CACHE DEFAULT CELL_FLASH_CACHE DEFAULT)
  TABLESPACE "USERS"  ENABLE;
--------------------------------------------------------
--  Constraints for Table WORKER
--------------------------------------------------------

  ALTER TABLE "WSBPROJEKT2"."WORKER" ADD CONSTRAINT "WORKER_USERNANE_UNIQUE" UNIQUE ("USERNAME")
  USING INDEX PCTFREE 10 INITRANS 2 MAXTRANS 255 COMPUTE STATISTICS 
  STORAGE(INITIAL 65536 NEXT 1048576 MINEXTENTS 1 MAXEXTENTS 2147483645
  PCTINCREASE 0 FREELISTS 1 FREELIST GROUPS 1
  BUFFER_POOL DEFAULT FLASH_CACHE DEFAULT CELL_FLASH_CACHE DEFAULT)
  TABLESPACE "USERS"  ENABLE;
  ALTER TABLE "WSBPROJEKT2"."WORKER" ADD PRIMARY KEY ("PESEL")
  USING INDEX PCTFREE 10 INITRANS 2 MAXTRANS 255 COMPUTE STATISTICS 
  STORAGE(INITIAL 65536 NEXT 1048576 MINEXTENTS 1 MAXEXTENTS 2147483645
  PCTINCREASE 0 FREELISTS 1 FREELIST GROUPS 1
  BUFFER_POOL DEFAULT FLASH_CACHE DEFAULT CELL_FLASH_CACHE DEFAULT)
  TABLESPACE "USERS"  ENABLE;
--------------------------------------------------------
--  Ref Constraints for Table DOCTOR_DATA
--------------------------------------------------------

  ALTER TABLE "WSBPROJEKT2"."DOCTOR_DATA" ADD FOREIGN KEY ("DOC_SPEC_ID")
	  REFERENCES "WSBPROJEKT2"."DOC_SPEC" ("ID") ENABLE;
  ALTER TABLE "WSBPROJEKT2"."DOCTOR_DATA" ADD FOREIGN KEY ("WORKER_PESEL")
	  REFERENCES "WSBPROJEKT2"."WORKER" ("PESEL") ENABLE;
--------------------------------------------------------
--  Ref Constraints for Table DUTY
--------------------------------------------------------

  ALTER TABLE "WSBPROJEKT2"."DUTY" ADD FOREIGN KEY ("WORKER_PESEL")
	  REFERENCES "WSBPROJEKT2"."WORKER" ("PESEL") ENABLE;
--------------------------------------------------------
--  Ref Constraints for Table WORKER
--------------------------------------------------------

  ALTER TABLE "WSBPROJEKT2"."WORKER" ADD FOREIGN KEY ("ROLE_ID")
	  REFERENCES "WSBPROJEKT2"."ROLE" ("ID") ENABLE;
